field,postings,ai_share_postings,salary_postings,median,p25,p75,n_ai,median_ai,n_nonai,median_nonai,remote_share_stated,remote_or_hybrid_share_stated
Data Science & ML,13603,0.9146,870,187454,145600,230000,832,187500,38,179428,0.4387,0.8381
Data Engineering,3720,0.2204,197,160000,127700,196369,69,157500,128,160000,0.3887,0.7969
Data Analytics & BI,5652,0.1458,370,120000,97000,155000,78,136250,292,117750,0.3849,0.8229
Software Engineering,20355,0.1359,1222,137500,62400,200000,144,200000,1078,128028,0.3674,0.7157
IT & Cloud Infrastructure,10272,0.1014,502,139000,102500,182500,68,160000,434,135000,0.3809,0.7672
Cybersecurity,3607,0.1103,184,131800,105000,181562,34,180000,150,125000,0.3503,0.7703
Product & Project Management,18590,0.0914,1099,142500,112500,175500,139,182500,960,139000,0.3261,0.7016
Business Analysis & Consulting,13533,0.0409,876,109200,70375,147088,63,129958,813,107120,0.3549,0.7192
Finance & Accounting,19682,0.0432,1189,107500,70720,152500,101,110000,1088,107250,0.315,0.7466
Marketing & Sales,56905,0.0295,3868,56000,38480,110000,179,132923,3689,54000,0.3567,0.6453
All other occupations,567145,0.0258,58869,52000,40560,78840,1724,92902,57145,52000,0.2281,0.4105
